<?xml version="1.0" encoding="UTF-8" standalone="yes"?>
<addon id="plugin.video.elementwizard" name="elementwizard" version="2.0.0" provider-name="Johnyx">
  <requires>
    <import addon="xbmc.python" version="2.1.0"/>
  </requires>
  <extension point="xbmc.python.pluginsource" library="default.py">
        <provides>video executable</provides>
  </extension>
  <extension point="xbmc.addon.metadata">
    <summary lang="en">Element Wizard</summary>
    <description lang="en">Build Creado por Johnyx (Zona Latina)</description>
    <platform>all</platform>
  </extension>
</addon>
