<?xml version="1.0" encoding="UTF-8" standalone="yes"?>
<addon id="repository.zonalatina" name="Zona Latina Repo" version="1.0.1" provider-name="Johnyx">
	<extension point="xbmc.addon.repository" name="Zona Latina Repo">
		<info compressed="false">https://raw.githubusercontent.com/johnyx1989/zona/master/addons.xml</info>
		<checksum>https://raw.githubusercontent.com/johnyx1989/zona/master/addons.xml.md5</checksum>
		<datadir zip="true">https://raw.githubusercontent.com/johnyx1989/zona/master/</datadir>
	</extension>
	<extension point="xbmc.addon.metadata">
		<summary>Zona Latina Official Repo</summary>
   		<description lang="en">Zona Latina Addon y Mas</description>
		<disclaimer></disclaimer>
		<platform>all</platform>
	</extension>
</addon>